[
  {
    "pk": 1, 
    "model": "auth.user", 
    "fields": {
      "username": "gelee", 
      "first_name": "", 
      "last_name": "", 
      "is_active": true, 
      "is_superuser": true, 
      "is_staff": true, 
      "last_login": "2011-07-26 12:18:06", 
      "groups": [], 
      "user_permissions": [], 
      "password": "sha1$1ec42$55198a04ae01b5a33a031535dc93e91ca8ddf916", 
      "email": "gelee@hawaii.edu", 
      "date_joined": "2010-06-24 22:01:32"
    }
  }, 
  {
    "pk": 2, 
    "model": "auth.user", 
    "fields": {
      "username": "johnson", 
      "first_name": "", 
      "last_name": "", 
      "is_active": true, 
      "is_superuser": false, 
      "is_staff": false, 
      "last_login": "2011-06-29 15:47:00", 
      "groups": [], 
      "user_permissions": [], 
      "password": "sha1$ed587$e36891186a5bf9499d9c2fbd9f8bc181368e67e9", 
      "email": "johnson@hawaii.edu", 
      "date_joined": "2010-06-24 22:11:13"
    }
  },
    {
        "pk": 3,
        "model": "auth.user",
        "fields": {
            "username": "rbrewer",
            "first_name": "",
            "last_name": "",
            "is_active": true,
            "is_superuser": false,
            "is_staff": false,
            "last_login": "2011-07-26 12:09:07",
            "groups": [],
            "user_permissions": [],
            "password": "sha1$1b38c$7ad62450e30a1c294e34d610758c3989f2547efb",
            "email": "rbrewer@hawaii.edu",
            "date_joined": "2011-07-01 21:09:03"
        }
    },
    {
        "pk": 4,
        "model": "auth.user",
        "fields": {
            "username": "yxu",
            "first_name": "Yongwen",
            "last_name": "Xu",
            "is_active": true,
            "is_superuser": true,
            "is_staff": true,
            "last_login": "2011-06-30 13:46:27",
            "groups": [],
            "user_permissions": [],
            "password": "sha1$a47a7$d890cff6b00bc5e948b681983a6b948308f31b1c",
            "email": "yxu@hawaii.edu",
            "date_joined": "2011-06-30 13:46:27"
        }
    },
    {
    "pk": 5,
    "model": "auth.user", 
    "fields": {
      "username": "gburgess", 
      "first_name": "Greg", 
      "last_name": "Burgess", 
      "is_active": true, 
      "is_superuser": true, 
      "is_staff": true, 
      "last_login": "2011-07-19 15:06:29", 
      "groups": [], 
      "user_permissions": [], 
      "password": "sha1$93087$3e290bb035b2a6380aed58334d437ed1ed6d1739", 
      "email": "gburgess@hawaii.edu", 
      "date_joined": "2011-06-29 17:53:01"
    }
  },
    {
        "pk": 6,
        "model": "auth.user",
        "fields": {
            "username": "testuser",
            "first_name": "",
            "last_name": "",
            "is_active": true,
            "is_superuser": false,
            "is_staff": false,
            "last_login": "2011-04-23 15:31:44",
            "groups": [],
            "user_permissions": [],
            "password": "sha1$f44fa$e66caacfb55c14c0f8fc6a6697513419148c93cc",
            "email": "",
            "date_joined": "2011-04-23 15:30:54"
        }
    },
    {
        "pk": 7,
        "model": "auth.user",
        "fields": {
            "username": "testuser1",
            "first_name": "",
            "last_name": "",
            "is_active": true,
            "is_superuser": false,
            "is_staff": false,
            "last_login": "2011-04-23 15:31:44",
            "groups": [],
            "user_permissions": [],
            "password": "sha1$f44fa$e66caacfb55c14c0f8fc6a6697513419148c93cc",
            "email": "",
            "date_joined": "2011-04-23 15:30:54"
        }
    },
    {
        "pk": 8,
        "model": "auth.user",
        "fields": {
            "username": "testuser2",
            "first_name": "",
            "last_name": "",
            "is_active": true,
            "is_superuser": false,
            "is_staff": false,
            "last_login": "2011-04-23 15:31:44",
            "groups": [],
            "user_permissions": [],
            "password": "sha1$f44fa$e66caacfb55c14c0f8fc6a6697513419148c93cc",
            "email": "",
            "date_joined": "2011-04-23 15:30:54"
        }
    },
    {
        "pk": 9,
        "model": "auth.user",
        "fields": {
            "username": "testuser3",
            "first_name": "",
            "last_name": "",
            "is_active": true,
            "is_superuser": false,
            "is_staff": false,
            "last_login": "2011-04-23 15:31:44",
            "groups": [],
            "user_permissions": [],
            "password": "sha1$f44fa$e66caacfb55c14c0f8fc6a6697513419148c93cc",
            "email": "",
            "date_joined": "2011-04-23 15:30:54"
        }
    },
    {
        "pk": 10,
        "model": "auth.user",
        "fields": {
            "username": "testuser4",
            "first_name": "",
            "last_name": "",
            "is_active": true,
            "is_superuser": false,
            "is_staff": false,
            "last_login": "2011-04-23 15:31:44",
            "groups": [],
            "user_permissions": [],
            "password": "sha1$f44fa$e66caacfb55c14c0f8fc6a6697513419148c93cc",
            "email": "",
            "date_joined": "2011-04-23 15:30:54"
        }
    },
    {
        "pk": 11,
        "model": "auth.user",
        "fields": {
            "username": "testuser5",
            "first_name": "",
            "last_name": "",
            "is_active": true,
            "is_superuser": false,
            "is_staff": false,
            "last_login": "2011-04-23 15:31:44",
            "groups": [],
            "user_permissions": [],
            "password": "sha1$f44fa$e66caacfb55c14c0f8fc6a6697513419148c93cc",
            "email": "",
            "date_joined": "2011-04-23 15:30:54"
        }
    },
    {
        "pk": 12,
        "model": "auth.user",
        "fields": {
            "username": "testuser6",
            "first_name": "",
            "last_name": "",
            "is_active": true,
            "is_superuser": false,
            "is_staff": false,
            "last_login": "2011-04-23 15:31:44",
            "groups": [],
            "user_permissions": [],
            "password": "sha1$f44fa$e66caacfb55c14c0f8fc6a6697513419148c93cc",
            "email": "",
            "date_joined": "2011-04-23 15:30:54"
        }
    },
    {
        "pk": 13,
        "model": "auth.user",
        "fields": {
            "username": "testuser7",
            "first_name": "",
            "last_name": "",
            "is_active": true,
            "is_superuser": false,
            "is_staff": false,
            "last_login": "2011-04-23 15:31:44",
            "groups": [],
            "user_permissions": [],
            "password": "sha1$f44fa$e66caacfb55c14c0f8fc6a6697513419148c93cc",
            "email": "",
            "date_joined": "2011-04-23 15:30:54"
        }
    },
    {
        "pk": 14,
        "model": "auth.user",
        "fields": {
            "username": "testuser8",
            "first_name": "",
            "last_name": "",
            "is_active": true,
            "is_superuser": false,
            "is_staff": false,
            "last_login": "2011-04-23 15:31:44",
            "groups": [],
            "user_permissions": [],
            "password": "sha1$f44fa$e66caacfb55c14c0f8fc6a6697513419148c93cc",
            "email": "",
            "date_joined": "2011-04-23 15:30:54"
        }
    },
    {
        "pk": 15,
        "model": "auth.user",
        "fields": {
            "username": "testuser9",
            "first_name": "",
            "last_name": "",
            "is_active": true,
            "is_superuser": false,
            "is_staff": false,
            "last_login": "2011-04-23 15:31:44",
            "groups": [],
            "user_permissions": [],
            "password": "sha1$f44fa$e66caacfb55c14c0f8fc6a6697513419148c93cc",
            "email": "",
            "date_joined": "2011-04-23 15:30:54"
        }
    },
    {
    "pk": 20, 
    "model": "auth.user", 
    "fields": {
      "username": "cmoore", 
      "first_name": "Cam", 
      "last_name": "Moore", 
      "is_active": true, 
      "is_superuser": true, 
      "is_staff": true, 
      "last_login": "2012-02-22 11:25:06", 
      "groups": [], 
      "user_permissions": [], 
      "password": "sha1$7c360$6fccb69328988b8a57b5debf73b2704b1917c26c", 
      "email": "cammymoore07@gmail.com", 
      "date_joined": "2012-02-15 22:01:32"
    }
  },
  {
    "pk": 1, 
    "model": "player_mgr.profile", 
    "fields": {
      "last_visit_date": "2011-07-26", 
      "first_name": "George", 
      "last_name": "Lee", 
      "name": "George L.", 
      "team": 10,
      "canopy_member": true, 
      "daily_visit_count": 3, 
      "last_awarded_submission": "2011-06-27 14:05:39", 
      "completion_date": "2011-06-02 14:52:23", 
      "setup_complete": true, 
      "contact_text": "", 
      "points": 27, 
      "contact_email": "gelee@hawaii.edu", 
      "user": 1, 
      "contact_carrier": null, 
      "setup_profile": true, 
      "enable_help": true
    }
  }, 
  {
    "pk": 2, 
    "model": "player_mgr.profile", 
    "fields": {
      "last_visit_date": "2011-06-29", 
      "first_name": "Philip", 
      "last_name": "Johnson", 
      "name": "pmj", 
      "team": 11,
      "canopy_member": false, 
      "daily_visit_count": 1, 
      "last_awarded_submission": "2011-04-28 09:54:47", 
      "completion_date": "2011-06-02 14:52:23", 
      "setup_complete": true, 
      "contact_text": "808-387-6663", 
      "points": 33, 
      "contact_email": "johnson@hawaii.edu", 
      "user": 2, 
      "contact_carrier": "verizon", 
      "setup_profile": true, 
      "enable_help": false
    }
  },

  {
    "pk": 3,
    "model": "player_mgr.profile", 
    "fields": {
      "last_visit_date": "2011-07-26", 
      "first_name": "Robert", 
      "last_name": "Brewer", 
      "name": "Robert McFly", 
      "team": 12,
      "canopy_member": true, 
      "daily_visit_count": 1, 
      "last_awarded_submission": "2011-07-22 18:15:11", 
      "completion_date": "2011-07-05 14:53:43", 
      "setup_complete": true, 
      "contact_text": "", 
      "points": 153, 
      "contact_email": "", 
      "user": 3,
      "contact_carrier": null,
      "setup_profile": true, 
      "enable_help": true
    }
  },
    {
        "pk": 4,
        "model": "player_mgr.profile",
        "fields": {
            "last_visit_date": null,
            "first_name": "Yongwen",
            "last_name": "Xu",
            "name": "Yongwen X.",
            "team": 13,
            "canopy_member": false,
            "daily_visit_count": 0,
            "last_awarded_submission": null,
            "completion_date": null,
            "setup_complete": false,
            "contact_text": "",
            "points": 0,
            "contact_email": "",
            "user": 4,
            "contact_carrier": null,
            "setup_profile": false,
            "enable_help": true
        }
    },
    {
        "pk": 5,
        "model": "player_mgr.profile",
        "fields": {
            "last_visit_date": "2011-07-25",
            "first_name": "Greg",
            "last_name": "Burgess",
            "name": "Greg B.",
            "team": 14,
            "canopy_member": false,
            "daily_visit_count": 4,
            "last_awarded_submission": "2011-06-30 11:06:04",
            "completion_date": "2011-06-30 10:33:23",
            "setup_complete": true,
            "contact_text": "",
            "points": 7,
            "contact_email": "",
            "user": 5,
            "contact_carrier": null,
            "setup_profile": true,
            "enable_help": true
        }
    },

    {
        "pk": 6,
        "model": "player_mgr.profile",
        "fields": {
            "last_visit_date": "2011-04-23",
            "first_name": "Test",
            "last_name": "User",
            "name": "test",
            "team": 15,
            "canopy_member": false,
            "daily_visit_count": 1,
            "last_awarded_submission": "2011-04-23 15:32:19",
            "completion_date": "2011-06-02 14:52:23",
            "setup_complete": true,
            "contact_text": "",
            "points": 25,
            "contact_email": "",
            "user": 6,
            "contact_carrier": null,
            "setup_profile": true,
            "enable_help": true
        }
    },
    {
        "pk": 7,
        "model": "player_mgr.profile",
        "fields": {
            "last_visit_date": "2011-04-23",
            "first_name": "Test",
            "last_name": "User1",
            "name": "test1",
            "team": 1,
            "canopy_member": false,
            "daily_visit_count": 1,
            "last_awarded_submission": "2011-04-23 15:32:19",
            "completion_date": "2011-06-02 14:52:23",
            "setup_complete": true,
            "contact_text": "",
            "points": 25,
            "contact_email": "",
            "user": 7,
            "contact_carrier": null,
            "setup_profile": true,
            "enable_help": true
        }
    },
    {
        "pk": 8,
        "model": "player_mgr.profile",
        "fields": {
            "last_visit_date": "2011-04-23",
            "first_name": "Test",
            "last_name": "User2",
            "name": "test2",
            "team": 2,
            "canopy_member": false,
            "daily_visit_count": 1,
            "last_awarded_submission": "2011-04-23 15:32:19",
            "completion_date": "2011-06-02 14:52:23",
            "setup_complete": true,
            "contact_text": "",
            "points": 25,
            "contact_email": "",
            "user": 8,
            "contact_carrier": null,
            "setup_profile": true,
            "enable_help": true
        }
    },
    {
        "pk": 9,
        "model": "player_mgr.profile",
        "fields": {
            "last_visit_date": "2011-04-23",
            "first_name": "Test",
            "last_name": "User",
            "name": "test3",
            "team": 3,
            "canopy_member": false,
            "daily_visit_count": 1,
            "last_awarded_submission": "2011-04-23 15:32:19",
            "completion_date": "2011-06-02 14:52:23",
            "setup_complete": true,
            "contact_text": "",
            "points": 25,
            "contact_email": "",
            "user": 9,
            "contact_carrier": null,
            "setup_profile": true,
            "enable_help": true
        }
    },
    {
        "pk": 10,
        "model": "player_mgr.profile",
        "fields": {
            "last_visit_date": "2011-04-23",
            "first_name": "Test",
            "last_name": "User",
            "name": "test4",
            "team": 4,
            "canopy_member": false,
            "daily_visit_count": 1,
            "last_awarded_submission": "2011-04-23 15:32:19",
            "completion_date": "2011-06-02 14:52:23",
            "setup_complete": true,
            "contact_text": "",
            "points": 25,
            "contact_email": "",
            "user": 10,
            "contact_carrier": null,
            "setup_profile": true,
            "enable_help": true
        }
    },
    {
        "pk": 11,
        "model": "player_mgr.profile",
        "fields": {
            "last_visit_date": "2011-04-23",
            "first_name": "Test",
            "last_name": "User",
            "name": "test5",
            "team": 5,
            "canopy_member": false,
            "daily_visit_count": 1,
            "last_awarded_submission": "2011-04-23 15:32:19",
            "completion_date": "2011-06-02 14:52:23",
            "setup_complete": true,
            "contact_text": "",
            "points": 25,
            "contact_email": "",
            "user": 11,
            "contact_carrier": null,
            "setup_profile": true,
            "enable_help": true
        }
    },
    {
        "pk": 12,
        "model": "player_mgr.profile",
        "fields": {
            "last_visit_date": "2011-04-23",
            "first_name": "Test",
            "last_name": "User",
            "name": "test6",
            "team": 6,
            "canopy_member": false,
            "daily_visit_count": 1,
            "last_awarded_submission": "2011-04-23 15:32:19",
            "completion_date": "2011-06-02 14:52:23",
            "setup_complete": true,
            "contact_text": "",
            "points": 25,
            "contact_email": "",
            "user": 12,
            "contact_carrier": null,
            "setup_profile": true,
            "enable_help": true
        }
    },
    {
        "pk": 13,
        "model": "player_mgr.profile",
        "fields": {
            "last_visit_date": "2011-04-23",
            "first_name": "Test",
            "last_name": "User7",
            "name": "test7",
            "team": 7,
            "canopy_member": false,
            "daily_visit_count": 1,
            "last_awarded_submission": "2011-04-23 15:32:19",
            "completion_date": "2011-06-02 14:52:23",
            "setup_complete": true,
            "contact_text": "",
            "points": 25,
            "contact_email": "",
            "user": 13,
            "contact_carrier": null,
            "setup_profile": true,
            "enable_help": true
        }
    },
    {
        "pk": 14,
        "model": "player_mgr.profile",
        "fields": {
            "last_visit_date": "2011-04-23",
            "first_name": "Test",
            "last_name": "User8",
            "name": "test8",
            "team": 8,
            "canopy_member": false,
            "daily_visit_count": 1,
            "last_awarded_submission": "2011-04-23 15:32:19",
            "completion_date": "2011-06-02 14:52:23",
            "setup_complete": true,
            "contact_text": "",
            "points": 25,
            "contact_email": "",
            "user": 14,
            "contact_carrier": null,
            "setup_profile": true,
            "enable_help": true
        }
    },
    {
        "pk": 15,
        "model": "player_mgr.profile",
        "fields": {
            "last_visit_date": "2011-04-23",
            "first_name": "Test",
            "last_name": "User9",
            "name": "test9",
            "team": 9,
            "canopy_member": false,
            "daily_visit_count": 1,
            "last_awarded_submission": "2011-04-23 15:32:19",
            "completion_date": "2011-06-02 14:52:23",
            "setup_complete": true,
            "contact_text": "",
            "points": 25,
            "contact_email": "",
            "user": 15,
            "contact_carrier": null,
            "setup_profile": true,
            "enable_help": true
        }
    },
  {
    "pk": 20, 
    "model": "player_mgr.profile", 
    "fields": {
      "last_visit_date": "2011-07-26", 
      "first_name": "Cam", 
      "last_name": "Moore", 
      "name": "Cam", 
      "team": 11,
      "canopy_member": false, 
      "daily_visit_count": 3, 
      "last_awarded_submission": "2012-02-20 14:05:39", 
      "completion_date": "2012-02-18 13:12:48", 
      "setup_complete": true, 
      "contact_text": "", 
      "points": 5, 
      "contact_email": "cammymoore07@gmail.com", 
      "user": 20, 
      "contact_carrier": null, 
      "setup_profile": true, 
      "enable_help": true
    }
  }, 
  {
    "pk": 1,
    "model": "score_mgr.scoreboardentry",
    "fields": {
      "profile": 1,
      "round_name": "Round 1",
      "points": 27,
      "last_awarded_submission": "2011-06-27 14:05:39"
    }
  },
  {
    "pk": 2,
    "model": "score_mgr.scoreboardentry",
    "fields": {
      "profile": 1,
      "round_name": "Round 2",
      "points": 29,
      "last_awarded_submission": "2011-04-19 15:35:00"
    }
  },
  {
    "pk": 3,
    "model": "score_mgr.scoreboardentry",
    "fields": {
      "profile": 2,
      "round_name": "Round 1",
      "points": 21,
      "last_awarded_submission": "2011-01-22 23:59:00"
    }
  },
  {
    "pk": 4,
    "model": "score_mgr.scoreboardentry",
    "fields": {
      "profile": 2,
      "round_name": "Round 2",
      "points": 25,
      "last_awarded_submission": "2011-01-22 23:59:00"
    }
  },
  {
    "pk": 5,
    "model": "score_mgr.scoreboardentry",
    "fields": {
      "profile": 3,
      "round_name": "Round 1",
      "points": 19,
      "last_awarded_submission": "2011-01-22 23:59:00"
    }
  },
  {
    "pk": 6,
    "model": "score_mgr.scoreboardentry",
    "fields": {
      "profile": 3,
      "round_name": "Round 2",
      "points": 2,
      "last_awarded_submission": "2011-01-23 00:00:00"
    }
  },
  {
    "pk": 7,
    "model": "score_mgr.scoreboardentry",
    "fields": {
      "profile": 4,
      "round_name": "Round 1",
      "points": 4,
      "last_awarded_submission": "2011-01-24 00:00:00"
    }
  },
  {
    "pk": 8,
    "model": "score_mgr.scoreboardentry",
    "fields": {
      "profile": 4,
      "round_name": "Round 2",
      "points": 6,
      "last_awarded_submission": "2011-01-21 00:00:00"
    }
  },
  {
    "pk": 9,
    "model": "score_mgr.scoreboardentry",
    "fields": {
      "profile": 5,
      "round_name": "Round 1",
      "points": 2,
      "last_awarded_submission": "2011-01-24 00:00:00"
    }
  },
  {
    "pk": 10,
    "model": "score_mgr.scoreboardentry",
    "fields": {
      "profile": 5,
      "round_name": "Round 2",
      "points": 6,
      "last_awarded_submission": "2011-01-22 23:59:00"
    }
  },
  {
    "pk": 11,
    "model": "score_mgr.scoreboardentry",
    "fields": {
      "profile": 6,
      "round_name": "Round 1",
      "points": 17,
      "last_awarded_submission": "2011-01-22 23:59:00"
    }
  },
  {
    "pk": 12,
    "model": "score_mgr.scoreboardentry",
    "fields": {
      "profile": 6,
      "round_name": "Round 2",
      "points": 2,
      "last_awarded_submission": "2011-01-23 00:00:00"
    }
  },
  {
    "pk": 13,
    "model": "score_mgr.scoreboardentry",
    "fields": {
      "profile": 7,
      "round_name": "Round 1",
      "points": 7,
      "last_awarded_submission": "2011-01-22 23:59:00"
    }
  },
  {
    "pk": 14,
    "model": "score_mgr.scoreboardentry",
    "fields": {
      "profile": 7,
      "round_name": "Round 2",
      "points": 27,
      "last_awarded_submission": "2011-01-22 23:59:00"
    }
  },
  {
    "pk": 15,
    "model": "score_mgr.scoreboardentry",
    "fields": {
      "profile": 8,
      "round_name": "Round 1",
      "points": 2,
      "last_awarded_submission": "2011-01-23 00:00:00"
    }
  },
  {
    "pk": 16,
    "model": "score_mgr.scoreboardentry",
    "fields": {
      "profile": 8,
      "round_name": "Round 2",
      "points": 7,
      "last_awarded_submission": "2011-01-22 23:59:00"
    }
  },
  {
    "pk": 17,
    "model": "score_mgr.scoreboardentry",
    "fields": {
      "profile": 9,
      "round_name": "Round 1",
      "points": 27,
      "last_awarded_submission": "2011-01-22 23:59:00"
    }
  },
  {
    "pk": 18,
    "model": "score_mgr.scoreboardentry",
    "fields": {
      "profile": 9,
      "round_name": "Round 2",
      "points": 2,
      "last_awarded_submission": "2011-01-23 00:00:00"
    }
  },
    {
        "pk": 19,
        "model": "score_mgr.scoreboardentry",
        "fields": {
            "profile": 10,
            "round_name": "Round 1",
            "points": 2,
            "last_awarded_submission": "2011-01-23 00:00:00"
        }
    },
    {
        "pk": 20,
        "model": "score_mgr.scoreboardentry",
        "fields": {
            "profile": 10,
            "round_name": "Round 2",
            "points": 2,
            "last_awarded_submission": "2011-01-23 00:00:00"
        }
    },
    {
        "pk": 21,
        "model": "score_mgr.scoreboardentry",
        "fields": {
            "profile": 11,
            "round_name": "Round 1",
            "points": 2,
            "last_awarded_submission": "2011-01-23 00:00:00"
        }
    },
    {
        "pk": 22,
        "model": "score_mgr.scoreboardentry",
        "fields": {
            "profile": 11,
            "round_name": "Round 2",
            "points": 2,
            "last_awarded_submission": "2011-01-23 00:00:00"
        }
    },
    {
        "pk": 23,
        "model": "score_mgr.scoreboardentry",
        "fields": {
            "profile": 12,
            "round_name": "Round 1",
            "points": 2,
            "last_awarded_submission": "2011-01-23 00:00:00"
        }
    },
    {
        "pk": 24,
        "model": "score_mgr.scoreboardentry",
        "fields": {
            "profile": 12,
            "round_name": "Round 2",
            "points": 2,
            "last_awarded_submission": "2011-01-23 00:00:00"
        }
    },
    {
        "pk": 25,
        "model": "score_mgr.scoreboardentry",
        "fields": {
            "profile": 13,
            "round_name": "Round 1",
            "points": 2,
            "last_awarded_submission": "2011-01-23 00:00:00"
        }
    },
    {
        "pk": 26,
        "model": "score_mgr.scoreboardentry",
        "fields": {
            "profile": 13,
            "round_name": "Round 2",
            "points": 2,
            "last_awarded_submission": "2011-01-23 00:00:00"
        }
    },
    {
        "pk": 27,
        "model": "score_mgr.scoreboardentry",
        "fields": {
            "profile": 14,
            "round_name": "Round 1",
            "points": 2,
            "last_awarded_submission": "2011-01-23 00:00:00"
        }
    },
    {
        "pk": 28,
        "model": "score_mgr.scoreboardentry",
        "fields": {
            "profile": 14,
            "round_name": "Round 2",
            "points": 2,
            "last_awarded_submission": "2011-01-23 00:00:00"
        }
    },
    {
        "pk": 29,
        "model": "score_mgr.scoreboardentry",
        "fields": {
            "profile": 15,
            "round_name": "Round 1",
            "points": 2,
            "last_awarded_submission": "2011-01-23 00:00:00"
        }
    },
    {
        "pk": 30,
        "model": "score_mgr.scoreboardentry",
        "fields": {
            "profile": 15,
            "round_name": "Round 2",
            "points": 2,
            "last_awarded_submission": "2011-01-23 00:00:00"
        }
    }
]
